2011.11.01;22C
2011.11.01;23C
2011.11.01;24C
2011.11.01;25C
2011.11.01;26C
2011.11.01;27C
2011.11.01;28C
2011.11.02;25C
2011.11.02;26C
2011.11.02;27C
2011.11.02;28C
2011.11.03;26C
2011.11.03;27C
2011.11.03;28C
2011.11.03;29C
2011.11.04;22C
2011.11.04;23C
2011.11.04;24C
2011.11.04;25C
2011.11.04;26C
2011.11.04;27C
2011.11.05;22C
2011.11.05;23C
2011.11.05;24C
2011.11.05;25C
2011.11.06;21C
2011.11.06;22C
2011.11.06;23C
2011.11.06;24C
2011.11.07;21C
2011.11.07;22C
2011.11.07;23C
2011.11.07;24C
2011.11.07;25C
2011.11.08;22C
2011.11.08;23C
2011.11.08;24C
2011.11.08;25C
2011.11.08;26C
2011.11.08;27C
2011.11.09;14C
2011.11.09;15C
2011.11.09;16C
2011.11.09;17C
2011.11.09;18C
2011.11.09;19C
2011.11.09;20C
2011.11.09;21C
2011.11.09;22C
2011.11.09;23C
2011.11.10;14C
2011.11.10;15C
2011.11.10;16C
2011.11.10;17C
2011.11.10;18C
2011.11.10;19C
2011.11.10;20C
2011.11.10;21C
2011.11.10;22C
2011.11.11;19C
2011.11.11;20C
2011.11.11;21C
2011.11.11;22C
2011.11.11;23C
2011.11.11;24C
2011.11.12;18C
2011.11.12;19C
2011.11.12;20C
2011.11.12;21C
2011.11.12;22C
2011.11.13;20C
2011.11.13;21C
2011.11.13;22C
2011.11.13;23C
2011.11.13;24C
2011.11.14;19C
2011.11.14;20C
2011.11.14;21C
2011.11.14;22C
2011.11.14;23C
2011.11.14;24C
2011.11.14;25C
2011.11.15;15C
2011.11.15;16C
2011.11.15;17C
2011.11.15;18C
2011.11.15;19C
2011.11.15;20C
2011.11.16;15C
2011.11.16;16C
2011.11.16;17C
2011.11.16;18C
2011.11.16;19C
2011.11.16;20C
2011.11.16;21C
2011.11.16;22C
2011.11.17;21C
2011.11.17;22C
2011.11.18;20C
2011.11.18;21C
2011.11.18;22C
2011.11.19;15C
2011.11.19;16C
2011.11.19;17C
2011.11.19;18C
2011.11.19;19C
2011.11.19;20C
2011.11.19;21C
2011.11.19;22C
2011.11.19;23C
2011.11.20;11C
2011.11.20;12C
2011.11.20;13C
2011.11.20;14C
2011.11.20;15C
2011.11.20;16C
2011.11.20;17C
2011.11.21;11C
2011.11.21;12C
2011.11.21;13C
2011.11.21;14C
2011.11.21;15C
2011.11.21;16C
2011.11.21;17C
2011.11.21;18C
2011.11.21;19C
2011.11.21;20C
2011.11.21;21C
2011.11.21;22C
2011.11.22;18C
2011.11.22;19C
2011.11.22;20C
2011.11.22;21C
2011.11.22;22C
2011.11.23;18C
2011.11.23;19C
2011.11.23;20C
2011.11.23;21C
2011.11.23;22C
2011.11.23;23C
2011.11.24;20C
2011.11.24;21C
2011.11.24;22C
2011.11.24;23C
2011.11.24;24C
2011.11.24;25C
2011.11.25;19C
2011.11.25;20C
2011.11.25;21C
2011.11.25;22C
2011.11.25;23C
2011.11.25;24C
2011.11.25;25C
2011.11.26;18C
2011.11.26;19C
2011.11.26;20C
2011.11.26;21C
2011.11.26;22C
2011.11.26;23C
2011.11.26;24C
2011.11.26;25C
2011.11.27;20C
2011.11.27;21C
2011.11.27;22C
2011.11.27;23C
2011.11.27;24C
2011.11.27;25C
2011.11.27;26C
2011.11.28;18C
2011.11.28;19C
2011.11.28;20C
2011.11.28;21C
2011.11.29;16C
2011.11.29;17C
2011.11.29;18C
2011.11.29;19C
2011.11.29;20C
2011.11.29;21C
2011.11.29;22C
2011.11.29;23C
2011.11.30;20C
2011.11.30;21C
2011.11.30;22C
2011.11.30;23C
2011.11.30;24C
